{"cameraMode":{"drawMode":0,"name":"Shaded","section":"Shading Mode"},"sceneLighting":false,"audioPlay":false,"sceneViewState":{"showFog":true,"showMaterialUpdate":false,"showSkybox":false,"showFlares":true,"showImageEffects":true,"showParticleSystems":true},"in2DMode":false,"pivot":{"x":-0.43356144428253176,"y":1.3555468320846558,"z":-2.8441712856292726},"rotation":{"x":-0.028038671240210534,"y":-0.8779394030570984,"z":0.4758961498737335,"w":-0.048637066036462787},"size":1.3614087104797364,"orthographic":false}