{"cameraMode":{"drawMode":0,"name":"Shaded","section":"Shading Mode"},"sceneLighting":true,"audioPlay":false,"sceneViewState":{"showFog":true,"showMaterialUpdate":false,"showSkybox":true,"showFlares":true,"showImageEffects":true,"showParticleSystems":true},"in2DMode":false,"pivot":{"x":-6.374645709991455,"y":0.00010001659393310547,"z":-12.946380615234375},"rotation":{"x":-0.4329141080379486,"y":0.5498789548873901,"z":-0.40897732973098757,"w":-0.5859397649765015},"size":22.0,"orthographic":false}