{"cameraMode":{"drawMode":0,"name":"Shaded","section":"Shading Mode"},"sceneLighting":true,"audioPlay":false,"sceneViewState":{"showFog":true,"showMaterialUpdate":false,"showSkybox":true,"showFlares":true,"showImageEffects":true,"showParticleSystems":true},"in2DMode":false,"pivot":{"x":2.8084144592285158,"y":3.35176157951355,"z":4.329235076904297},"rotation":{"x":-0.18295857310295106,"y":0.6402730345726013,"z":-0.1612069010734558,"w":-0.7285363078117371},"size":7.090256690979004,"orthographic":false}