{"cameraMode":{"drawMode":0,"name":"Shaded","section":"Shading Mode"},"sceneLighting":false,"audioPlay":false,"sceneViewState":{"showFog":true,"showMaterialUpdate":false,"showSkybox":false,"showFlares":true,"showImageEffects":true,"showParticleSystems":true},"in2DMode":false,"pivot":{"x":-6.5406999588012699,"y":-0.03118300437927246,"z":-21.75},"rotation":{"x":-0.0012483273167163134,"y":-0.9975749850273132,"z":0.01826590485870838,"w":-0.06738494336605072},"size":10.956339836120606,"orthographic":false}