{"cameraMode":{"drawMode":0,"name":"Shaded","section":"Shading Mode"},"sceneLighting":true,"audioPlay":false,"sceneViewState":{"showFog":true,"showMaterialUpdate":false,"showSkybox":true,"showFlares":true,"showImageEffects":true,"showParticleSystems":true},"in2DMode":false,"pivot":{"x":1.894521713256836,"y":-2.3557114601135256,"z":-25.889156341552736},"rotation":{"x":-0.30497297644615176,"y":-0.36079683899879458,"z":0.12609969079494477,"w":-0.8723369836807251},"size":10.15842056274414,"orthographic":false}