{"cameraMode":{"drawMode":0,"name":"Shaded","section":"Shading Mode"},"sceneLighting":true,"audioPlay":false,"sceneViewState":{"showFog":true,"showMaterialUpdate":false,"showSkybox":true,"showFlares":true,"showImageEffects":true,"showParticleSystems":true},"in2DMode":false,"pivot":{"x":-0.34523501992225649,"y":-6.873385429382324,"z":-2.382028102874756},"rotation":{"x":0.4514138102531433,"y":-0.009828483685851097,"z":0.006582017056643963,"w":0.8924396634101868},"size":116.66193389892578,"orthographic":false}