{"cameraMode":{"drawMode":0,"name":"Shaded","section":"Shading Mode"},"sceneLighting":true,"audioPlay":false,"sceneViewState":{"showFog":true,"showMaterialUpdate":false,"showSkybox":true,"showFlares":true,"showImageEffects":true,"showParticleSystems":true},"in2DMode":false,"pivot":{"x":-0.7642717361450195,"y":2.3079614639282228,"z":-3.4834556579589845},"rotation":{"x":-0.28458285331726076,"y":0.49943670630455019,"z":-0.17800851166248322,"w":-0.7987046241760254},"size":24.73484992980957,"orthographic":false}