{"cameraMode":{"drawMode":0,"name":"Shaded","section":"Shading Mode"},"sceneLighting":true,"audioPlay":false,"sceneViewState":{"showFog":true,"showMaterialUpdate":false,"showSkybox":true,"showFlares":true,"showImageEffects":true,"showParticleSystems":true},"in2DMode":false,"pivot":{"x":-0.018463432788848878,"y":0.8844499588012695,"z":-17.115333557128908},"rotation":{"x":-0.18685607612133027,"y":-0.6082848906517029,"z":0.14978750050067902,"w":-0.7568521499633789},"size":10.877492904663086,"orthographic":false}