{"cameraMode":{"drawMode":0,"name":"Shaded","section":"Shading Mode"},"sceneLighting":true,"audioPlay":false,"sceneViewState":{"showFog":true,"showMaterialUpdate":false,"showSkybox":true,"showFlares":true,"showImageEffects":true,"showParticleSystems":true},"in2DMode":false,"pivot":{"x":-1.2157702445983887,"y":1.1675872802734376,"z":3.925699234008789},"rotation":{"x":0.14487294852733613,"y":-0.5886532664299011,"z":0.10819584876298905,"w":0.7879522442817688},"size":6.329412937164307,"orthographic":false}