{"cameraMode":{"drawMode":0,"name":"Shaded","section":"Shading Mode"},"sceneLighting":true,"audioPlay":false,"sceneViewState":{"showFog":true,"showMaterialUpdate":false,"showSkybox":true,"showFlares":true,"showImageEffects":true,"showParticleSystems":true},"in2DMode":false,"pivot":{"x":-23.743146896362306,"y":-13.106456756591797,"z":-8.633585929870606},"rotation":{"x":-0.22647294402122498,"y":0.5035857558250427,"z":-0.13872674107551576,"w":-0.8221123814582825},"size":56.41526794433594,"orthographic":false}