{"cameraMode":{"drawMode":0,"name":"Shaded","section":"Shading Mode"},"sceneLighting":true,"audioPlay":false,"sceneViewState":{"showFog":true,"showMaterialUpdate":false,"showSkybox":true,"showFlares":true,"showImageEffects":true,"showParticleSystems":true},"in2DMode":false,"pivot":{"x":-17.020021438598634,"y":-0.18000411987304688,"z":7.205625534057617},"rotation":{"x":-0.2887181043624878,"y":0.4962413012981415,"z":-0.17938576638698579,"w":-0.7989118099212647},"size":40.91897201538086,"orthographic":false}