{"cameraMode":{"drawMode":0,"name":"Shaded","section":"Shading Mode"},"sceneLighting":true,"audioPlay":false,"sceneViewState":{"showFog":true,"showMaterialUpdate":false,"showSkybox":true,"showFlares":true,"showImageEffects":true,"showParticleSystems":true},"in2DMode":false,"pivot":{"x":10.405776977539063,"y":-9.438211441040039,"z":3.343928337097168},"rotation":{"x":-0.2734600305557251,"y":-0.6271728873252869,"z":0.25034859776496889,"w":-0.6850025653839111},"size":21.998680114746095,"orthographic":false}