{"cameraMode":{"drawMode":0,"name":"Shaded","section":"Shading Mode"},"sceneLighting":true,"audioPlay":false,"sceneViewState":{"showFog":true,"showMaterialUpdate":false,"showSkybox":true,"showFlares":true,"showImageEffects":true,"showParticleSystems":true},"in2DMode":false,"pivot":{"x":2.6742591857910158,"y":18.495044708251954,"z":0.3285045623779297},"rotation":{"x":0.22530579566955567,"y":-0.4272874593734741,"z":0.11084087938070297,"w":0.8685521483421326},"size":54.07933807373047,"orthographic":false}