{"cameraMode":{"drawMode":0,"name":"Shaded","section":"Shading Mode"},"sceneLighting":true,"audioPlay":false,"sceneViewState":{"showFog":true,"showMaterialUpdate":false,"showSkybox":true,"showFlares":true,"showImageEffects":true,"showParticleSystems":true},"in2DMode":false,"pivot":{"x":-10.058555603027344,"y":-4.249197959899902,"z":-13.999948501586914},"rotation":{"x":0.22645577788352967,"y":-0.7112307548522949,"z":0.26357463002204897,"w":0.6110702753067017},"size":45.984458923339847,"orthographic":true}