{"cameraMode":{"drawMode":0,"name":"Shaded","section":"Shading Mode"},"sceneLighting":true,"audioPlay":false,"sceneViewState":{"showFog":true,"showMaterialUpdate":false,"showSkybox":true,"showFlares":true,"showImageEffects":true,"showParticleSystems":true},"in2DMode":false,"pivot":{"x":-4.425421714782715,"y":-6.739286422729492,"z":-5.930758953094482},"rotation":{"x":0.3155132532119751,"y":-0.536283552646637,"z":0.22572582960128785,"w":0.7496059536933899},"size":12.543993949890137,"orthographic":true}