{"cameraMode":{"drawMode":0,"name":"Shaded","section":"Shading Mode"},"sceneLighting":true,"audioPlay":false,"sceneViewState":{"showFog":true,"showMaterialUpdate":false,"showSkybox":true,"showFlares":true,"showImageEffects":true,"showParticleSystems":true},"in2DMode":false,"pivot":{"x":-4.920000076293945,"y":0.5,"z":16.8700008392334},"rotation":{"x":-0.0014638409484177828,"y":-0.9920853972434998,"z":0.12506163120269776,"w":-0.011612622067332268},"size":7.192183494567871,"orthographic":true}