{"cameraMode":{"drawMode":0,"name":"Shaded","section":"Shading Mode"},"sceneLighting":true,"audioPlay":false,"sceneViewState":{"showFog":true,"showMaterialUpdate":false,"showSkybox":true,"showFlares":true,"showImageEffects":true,"showParticleSystems":true},"in2DMode":false,"pivot":{"x":-34.756507873535159,"y":2.6682543754577638,"z":-29.037338256835939},"rotation":{"x":-0.4745560586452484,"y":0.5252298712730408,"z":-0.5097123384475708,"w":-0.48901841044425967},"size":37.30073547363281,"orthographic":false}