{"cameraMode":{"drawMode":0,"name":"Shaded","section":"Shading Mode"},"sceneLighting":true,"audioPlay":false,"sceneViewState":{"showFog":true,"showMaterialUpdate":false,"showSkybox":true,"showFlares":true,"showImageEffects":true,"showParticleSystems":true},"in2DMode":false,"pivot":{"x":-3.326066017150879,"y":9.759149551391602,"z":-10.333551406860352},"rotation":{"x":0.2151079922914505,"y":0.19620999693870545,"z":-0.04416543245315552,"w":0.9556640982627869},"size":4.090785503387451,"orthographic":false}