{"cameraMode":{"drawMode":0,"name":"Shaded","section":"Shading Mode"},"sceneLighting":true,"audioPlay":false,"sceneViewState":{"showFog":true,"showMaterialUpdate":false,"showSkybox":true,"showFlares":true,"showImageEffects":true,"showParticleSystems":true},"in2DMode":false,"pivot":{"x":-4.425421714782715,"y":-6.739286422729492,"z":-5.930758953094482},"rotation":{"x":-0.0014115705853328109,"y":-0.9926381707191467,"z":0.12059599906206131,"w":-0.011619091033935547},"size":1320.575927734375,"orthographic":true}