{"cameraMode":{"drawMode":0,"name":"Shaded","section":"Shading Mode"},"sceneLighting":false,"audioPlay":false,"sceneViewState":{"showFog":true,"showMaterialUpdate":false,"showSkybox":false,"showFlares":true,"showImageEffects":true,"showParticleSystems":true},"in2DMode":false,"pivot":{"x":-16.63846778869629,"y":0.5486831665039063,"z":-33.61714172363281},"rotation":{"x":0.17370323836803437,"y":0.5619243383407593,"z":-0.12206348776817322,"w":0.799676775932312},"size":4.2868266105651859,"orthographic":false}