{"cameraMode":{"drawMode":0,"name":"Shaded","section":"Shading Mode"},"sceneLighting":true,"audioPlay":false,"sceneViewState":{"showFog":true,"showMaterialUpdate":false,"showSkybox":true,"showFlares":true,"showImageEffects":true,"showParticleSystems":true},"in2DMode":false,"pivot":{"x":14.979805946350098,"y":0.7663868069648743,"z":-45.86908721923828},"rotation":{"x":-0.0253942608833313,"y":0.9710606336593628,"z":-0.20484207570552827,"w":-0.12037757784128189},"size":1.220296859741211,"orthographic":false}