{"cameraMode":{"drawMode":0,"name":"Shaded","section":"Shading Mode"},"sceneLighting":false,"audioPlay":false,"sceneViewState":{"showFog":true,"showMaterialUpdate":false,"showSkybox":false,"showFlares":true,"showImageEffects":true,"showParticleSystems":true},"in2DMode":false,"pivot":{"x":-43.605045318603519,"y":-16.45041847229004,"z":2.038724899291992},"rotation":{"x":0.6233723163604736,"y":-0.024893242865800859,"z":-0.0219243373721838,"w":-0.7817798852920532},"size":8.758663177490235,"orthographic":false}