{"cameraMode":{"drawMode":0,"name":"Shaded","section":"Shading Mode"},"sceneLighting":true,"audioPlay":false,"sceneViewState":{"showFog":true,"showMaterialUpdate":false,"showSkybox":true,"showFlares":true,"showImageEffects":true,"showParticleSystems":true},"in2DMode":false,"pivot":{"x":-19.9718074798584,"y":-1.787428855895996,"z":-64.201904296875},"rotation":{"x":0.03924637287855148,"y":0.705601692199707,"z":-0.03920327499508858,"w":0.7064496278762817},"size":2.7709686756134035,"orthographic":false}