{"cameraMode":{"drawMode":0,"name":"Shaded","section":"Shading Mode"},"sceneLighting":true,"audioPlay":false,"sceneViewState":{"showFog":true,"showMaterialUpdate":false,"showSkybox":true,"showFlares":true,"showImageEffects":true,"showParticleSystems":true},"in2DMode":false,"pivot":{"x":11.317015647888184,"y":1.5521596670150757,"z":-15.42123031616211},"rotation":{"x":-0.19535069167613984,"y":-0.0547276996076107,"z":0.010144738480448723,"w":-0.979529619216919},"size":4.792531967163086,"orthographic":false}