{"cameraMode":{"drawMode":0,"name":"Shaded","section":"Shading Mode"},"sceneLighting":false,"audioPlay":false,"sceneViewState":{"showFog":true,"showMaterialUpdate":false,"showSkybox":false,"showFlares":true,"showImageEffects":true,"showParticleSystems":true},"in2DMode":false,"pivot":{"x":-6.5406999588012699,"y":-0.03118300437927246,"z":-21.75},"rotation":{"x":-0.009236512705683709,"y":-0.7273197174072266,"z":0.6861904263496399,"w":-0.009771945886313916},"size":5.942492485046387,"orthographic":false}