{"cameraMode":{"drawMode":0,"name":"Shaded","section":"Shading Mode"},"sceneLighting":false,"audioPlay":false,"sceneViewState":{"showFog":true,"showMaterialUpdate":false,"showSkybox":false,"showFlares":true,"showImageEffects":true,"showParticleSystems":true},"in2DMode":false,"pivot":{"x":-0.3844248354434967,"y":1.561204195022583,"z":-3.1691460609436037},"rotation":{"x":0.030456138774752618,"y":-0.9605268836021423,"z":0.1166953593492508,"w":0.2506888210773468},"size":0.8857882618904114,"orthographic":false}