{"cameraMode":{"drawMode":0,"name":"Shaded","section":"Shading Mode"},"sceneLighting":true,"audioPlay":false,"sceneViewState":{"showFog":true,"showMaterialUpdate":false,"showSkybox":true,"showFlares":true,"showImageEffects":true,"showParticleSystems":true},"in2DMode":false,"pivot":{"x":-1.980811595916748,"y":0.22736668586730958,"z":-4.610958099365234},"rotation":{"x":0.15078593790531159,"y":-0.3028978705406189,"z":0.049501027911901477,"w":0.9401556253433228},"size":5.005279541015625,"orthographic":false}