{"cameraMode":{"drawMode":0,"name":"Shaded","section":"Shading Mode"},"sceneLighting":false,"audioPlay":false,"sceneViewState":{"showFog":true,"showMaterialUpdate":false,"showSkybox":false,"showFlares":true,"showImageEffects":true,"showParticleSystems":true},"in2DMode":false,"pivot":{"x":-5.413165092468262,"y":0.5283349752426148,"z":0.0},"rotation":{"x":-0.24294441938400269,"y":-0.35493260622024538,"z":0.09605515003204346,"w":-0.8976545333862305},"size":3.907780885696411,"orthographic":false}