{"cameraMode":{"drawMode":0,"name":"Shaded","section":"Shading Mode"},"sceneLighting":true,"audioPlay":false,"sceneViewState":{"showFog":true,"showMaterialUpdate":false,"showSkybox":true,"showFlares":true,"showImageEffects":true,"showParticleSystems":true},"in2DMode":false,"pivot":{"x":15.024253845214844,"y":1.7300000190734864,"z":-20.146150588989259},"rotation":{"x":-0.2827586531639099,"y":0.10254250466823578,"z":-0.03091062791645527,"w":-0.9536057710647583},"size":21.639545440673829,"orthographic":false}