{"cameraMode":{"drawMode":0,"name":"Shaded","section":"Shading Mode"},"sceneLighting":false,"audioPlay":false,"sceneViewState":{"showFog":true,"showMaterialUpdate":false,"showSkybox":false,"showFlares":true,"showImageEffects":true,"showParticleSystems":true},"in2DMode":false,"pivot":{"x":-57.259552001953128,"y":-18.844636917114259,"z":-7.55092716217041},"rotation":{"x":-0.29462167620658877,"y":-0.6812240481376648,"z":0.34750258922576907,"w":-0.5738008618354797},"size":347.3168029785156,"orthographic":false}