{"cameraMode":{"drawMode":0,"name":"Shaded","section":"Shading Mode"},"sceneLighting":false,"audioPlay":false,"sceneViewState":{"showFog":true,"showMaterialUpdate":false,"showSkybox":false,"showFlares":true,"showImageEffects":true,"showParticleSystems":true},"in2DMode":false,"pivot":{"x":-0.008867964148521424,"y":0.11000001430511475,"z":-21.203533172607423},"rotation":{"x":0.08098433911800385,"y":0.5143914222717285,"z":-0.049087755382061008,"w":0.8527257442474365},"size":2.8578836917877199,"orthographic":false}