{"cameraMode":{"drawMode":0,"name":"Shaded","section":"Shading Mode"},"sceneLighting":false,"audioPlay":false,"sceneViewState":{"showFog":true,"showMaterialUpdate":false,"showSkybox":false,"showFlares":true,"showImageEffects":true,"showParticleSystems":true},"in2DMode":false,"pivot":{"x":15.09488296508789,"y":1.4600000381469727,"z":-41.613712310791019},"rotation":{"x":-0.13021278381347657,"y":-0.8629786372184753,"z":0.2820718586444855,"w":-0.39847877621650698},"size":13.155393600463868,"orthographic":false}