{"cameraMode":{"drawMode":0,"name":"Shaded","section":"Shading Mode"},"sceneLighting":false,"audioPlay":false,"sceneViewState":{"showFog":true,"showMaterialUpdate":false,"showSkybox":false,"showFlares":true,"showImageEffects":true,"showParticleSystems":true},"in2DMode":false,"pivot":{"x":-0.4952299892902374,"y":1.5964328050613404,"z":-2.94179630279541},"rotation":{"x":0.0007165854913182557,"y":0.995674729347229,"z":-0.008366857655346394,"w":0.09284762293100357},"size":2.163841962814331,"orthographic":false}