{"cameraMode":{"drawMode":0,"name":"Shaded","section":"Shading Mode"},"sceneLighting":true,"audioPlay":false,"sceneViewState":{"showFog":true,"showMaterialUpdate":false,"showSkybox":true,"showFlares":true,"showImageEffects":true,"showParticleSystems":true},"in2DMode":false,"pivot":{"x":-21.859352111816408,"y":-0.9712724089622498,"z":-61.61128616333008},"rotation":{"x":0.03310014307498932,"y":-0.9353933334350586,"z":0.3402796983718872,"w":0.09102053195238114},"size":2.5093491077423097,"orthographic":false}