{"cameraMode":{"drawMode":0,"name":"Shaded","section":"Shading Mode"},"sceneLighting":false,"audioPlay":false,"sceneViewState":{"showFog":true,"showMaterialUpdate":false,"showSkybox":true,"showFlares":true,"showImageEffects":true,"showParticleSystems":true},"in2DMode":false,"pivot":{"x":13.288580894470215,"y":0.4636947810649872,"z":-39.79568862915039},"rotation":{"x":0.09965326637029648,"y":0.5027959942817688,"z":-0.05675753206014633,"w":0.8571061491966248},"size":0.9368314146995544,"orthographic":false}