{"cameraMode":{"drawMode":0,"name":"Shaded","section":"Shading Mode"},"sceneLighting":false,"audioPlay":false,"sceneViewState":{"showFog":true,"showMaterialUpdate":false,"showSkybox":true,"showFlares":true,"showImageEffects":true,"showParticleSystems":true},"in2DMode":false,"pivot":{"x":-41.536033630371097,"y":1.3254635334014893,"z":13.351607322692871},"rotation":{"x":-0.07350445538759232,"y":0.7174098491668701,"z":-0.07806096971035004,"w":-0.6887540817260742},"size":7.137063026428223,"orthographic":false}