{"cameraMode":{"drawMode":0,"name":"Shaded","section":"Shading Mode"},"sceneLighting":false,"audioPlay":false,"sceneViewState":{"showFog":true,"showMaterialUpdate":false,"showSkybox":false,"showFlares":true,"showImageEffects":true,"showParticleSystems":true},"in2DMode":false,"pivot":{"x":18.520000457763673,"y":0.8954999446868897,"z":-20.7431640625},"rotation":{"x":-0.2440805733203888,"y":-0.7322382926940918,"z":0.3237013518810272,"w":-0.5477195978164673},"size":4.240302085876465,"orthographic":false}