{"cameraMode":{"drawMode":0,"name":"Shaded","section":"Shading Mode"},"sceneLighting":true,"audioPlay":false,"sceneViewState":{"showFog":true,"showMaterialUpdate":false,"showSkybox":false,"showFlares":true,"showImageEffects":true,"showParticleSystems":true},"in2DMode":false,"pivot":{"x":10.105165481567383,"y":4.121314525604248,"z":-48.91283416748047},"rotation":{"x":-0.38559553027153017,"y":-0.11286263167858124,"z":0.04756145924329758,"w":-0.9145613312721252},"size":14.792642593383789,"orthographic":false}