{"cameraMode":{"drawMode":0,"name":"Shaded","section":"Shading Mode"},"sceneLighting":true,"audioPlay":false,"sceneViewState":{"showFog":true,"showMaterialUpdate":false,"showSkybox":true,"showFlares":true,"showImageEffects":true,"showParticleSystems":true},"in2DMode":false,"pivot":{"x":-23.57780647277832,"y":2.2589149475097658,"z":9.662508964538575},"rotation":{"x":-0.0007035107119008899,"y":0.939250111579895,"z":-0.34327828884124758,"w":-0.0020292026456445457},"size":8.427905082702637,"orthographic":false}