{"cameraMode":{"drawMode":0,"name":"Shaded","section":"Shading Mode"},"sceneLighting":true,"audioPlay":false,"sceneViewState":{"showFog":true,"showMaterialUpdate":false,"showSkybox":true,"showFlares":true,"showImageEffects":true,"showParticleSystems":true},"in2DMode":false,"pivot":{"x":6.82943058013916,"y":19.869449615478517,"z":-19.38479995727539},"rotation":{"x":0.41052716970443728,"y":0.26792269945144656,"z":-0.1278875768184662,"w":0.8625767827033997},"size":3.9140379428863527,"orthographic":false}