{"cameraMode":{"drawMode":0,"name":"Shaded","section":"Shading Mode"},"sceneLighting":false,"audioPlay":false,"sceneViewState":{"showFog":true,"showMaterialUpdate":false,"showSkybox":false,"showFlares":true,"showImageEffects":true,"showParticleSystems":true},"in2DMode":false,"pivot":{"x":452.66119384765627,"y":216.76806640625,"z":89.1837158203125},"rotation":{"x":0.3194773495197296,"y":0.5504749417304993,"z":-0.23990818858146668,"w":0.7330484390258789},"size":1.6319069862365723,"orthographic":false}