{"cameraMode":{"drawMode":0,"name":"Shaded","section":"Shading Mode"},"sceneLighting":false,"audioPlay":false,"sceneViewState":{"showFog":true,"showMaterialUpdate":false,"showSkybox":false,"showFlares":true,"showImageEffects":true,"showParticleSystems":true},"in2DMode":false,"pivot":{"x":18.35272979736328,"y":-0.025778204202651979,"z":-36.202369689941409},"rotation":{"x":-0.3571294844150543,"y":0.4836639165878296,"z":-0.225257009267807,"w":-0.7667005062103272},"size":0.47413966059684756,"orthographic":false}