{"cameraMode":{"drawMode":0,"name":"Shaded","section":"Shading Mode"},"sceneLighting":true,"audioPlay":false,"sceneViewState":{"showFog":true,"showMaterialUpdate":false,"showSkybox":true,"showFlares":true,"showImageEffects":true,"showParticleSystems":true},"in2DMode":false,"pivot":{"x":0.0,"y":0.9049999713897705,"z":-20.93000030517578},"rotation":{"x":0.2102687954902649,"y":0.017443060874938966,"z":-0.0036596134305000307,"w":0.9778324365615845},"size":3.370969772338867,"orthographic":false}