{"cameraMode":{"drawMode":0,"name":"Shaded","section":"Shading Mode"},"sceneLighting":true,"audioPlay":false,"sceneViewState":{"showFog":true,"showMaterialUpdate":false,"showSkybox":true,"showFlares":true,"showImageEffects":true,"showParticleSystems":true},"in2DMode":false,"pivot":{"x":-18.324817657470704,"y":2.060295581817627,"z":12.937077522277832},"rotation":{"x":-0.17723582684993745,"y":-0.7903454899787903,"z":0.2689271569252014,"w":-0.5213152170181274},"size":10.082388877868653,"orthographic":false}