{"cameraMode":{"drawMode":0,"name":"Shaded","section":"Shading Mode"},"sceneLighting":true,"audioPlay":false,"sceneViewState":{"showFog":true,"showMaterialUpdate":false,"showSkybox":true,"showFlares":true,"showImageEffects":true,"showParticleSystems":true},"in2DMode":false,"pivot":{"x":1.9341342449188233,"y":2.180422067642212,"z":-4.119263648986816},"rotation":{"x":0.13467071950435639,"y":0.21445882320404054,"z":-0.029737863689661027,"w":0.9672922492027283},"size":9.800910949707032,"orthographic":false}