{"cameraMode":{"drawMode":0,"name":"Shaded","section":"Shading Mode"},"sceneLighting":false,"audioPlay":false,"sceneViewState":{"showFog":true,"showMaterialUpdate":false,"showSkybox":false,"showFlares":true,"showImageEffects":true,"showParticleSystems":true},"in2DMode":false,"pivot":{"x":9.146960258483887,"y":0.41921618580818179,"z":-10.235246658325196},"rotation":{"x":-0.18460066616535188,"y":-0.26305100321769717,"z":0.0497322753071785,"w":-0.9459285736083984},"size":49.895050048828128,"orthographic":false}