{"cameraMode":{"drawMode":0,"name":"Shaded","section":"Shading Mode"},"sceneLighting":false,"audioPlay":false,"sceneViewState":{"showFog":true,"showMaterialUpdate":false,"showSkybox":false,"showFlares":true,"showImageEffects":true,"showParticleSystems":true},"in2DMode":false,"pivot":{"x":-17.26799964904785,"y":-0.0776011198759079,"z":-31.67099952697754},"rotation":{"x":0.37877175211906435,"y":0.3133252263069153,"z":-0.1380460113286972,"w":0.8599641919136047},"size":3.686692953109741,"orthographic":false}