{"cameraMode":{"drawMode":0,"name":"Shaded","section":"Shading Mode"},"sceneLighting":false,"audioPlay":false,"sceneViewState":{"showFog":true,"showMaterialUpdate":false,"showSkybox":false,"showFlares":true,"showImageEffects":true,"showParticleSystems":true},"in2DMode":false,"pivot":{"x":0.8128319978713989,"y":0.3422103524208069,"z":0.4256565570831299},"rotation":{"x":-0.13448470830917359,"y":-0.7523557543754578,"z":0.1623552292585373,"w":-0.6242310404777527},"size":3.2316739559173586,"orthographic":false}