{"cameraMode":{"drawMode":0,"name":"Shaded","section":"Shading Mode"},"sceneLighting":false,"audioPlay":false,"sceneViewState":{"showFog":true,"showMaterialUpdate":false,"showSkybox":false,"showFlares":true,"showImageEffects":true,"showParticleSystems":true},"in2DMode":false,"pivot":{"x":-16.876951217651368,"y":0.11333933472633362,"z":-35.32343673706055},"rotation":{"x":0.22383078932762147,"y":-0.28685787320137026,"z":0.06904204934835434,"w":0.9290613532066345},"size":2.928816080093384,"orthographic":false}