{"cameraMode":{"drawMode":0,"name":"Shaded","section":"Shading Mode"},"sceneLighting":true,"audioPlay":false,"sceneViewState":{"showFog":true,"showMaterialUpdate":false,"showSkybox":true,"showFlares":true,"showImageEffects":true,"showParticleSystems":true},"in2DMode":false,"pivot":{"x":-0.012947440147399903,"y":0.9118478894233704,"z":-0.06100466847419739},"rotation":{"x":0.40252724289894106,"y":0.02675735577940941,"z":-0.010809510946273804,"w":0.9152613878250122},"size":1.7735486030578614,"orthographic":false}