{"cameraMode":{"drawMode":0,"name":"Shaded","section":"Shading Mode"},"sceneLighting":true,"audioPlay":false,"sceneViewState":{"showFog":true,"showMaterialUpdate":false,"showSkybox":true,"showFlares":true,"showImageEffects":true,"showParticleSystems":true},"in2DMode":false,"pivot":{"x":-17.602745056152345,"y":-12.90115737915039,"z":-67.892578125},"rotation":{"x":0.24474911391735078,"y":0.736068069934845,"z":-0.33802172541618349,"w":0.5329598188400269},"size":24.039949417114259,"orthographic":false}