{"cameraMode":{"drawMode":0,"name":"Shaded","section":"Shading Mode"},"sceneLighting":false,"audioPlay":false,"sceneViewState":{"showFog":true,"showMaterialUpdate":false,"showSkybox":false,"showFlares":true,"showImageEffects":true,"showParticleSystems":true},"in2DMode":false,"pivot":{"x":-8.819000244140625,"y":4.0667266845703129,"z":-4.309999942779541},"rotation":{"x":0.041650865226984027,"y":0.4743402898311615,"z":-0.021381625905632974,"w":0.8795280456542969},"size":3.9368324279785158,"orthographic":false}