{"cameraMode":{"drawMode":0,"name":"Shaded","section":"Shading Mode"},"sceneLighting":true,"audioPlay":false,"sceneViewState":{"showFog":true,"showMaterialUpdate":false,"showSkybox":true,"showFlares":true,"showImageEffects":true,"showParticleSystems":true},"in2DMode":false,"pivot":{"x":-0.6046092510223389,"y":2.344214916229248,"z":-8.539496421813965},"rotation":{"x":0.1130136102437973,"y":0.8604768514633179,"z":-0.2177867740392685,"w":0.44726890325546267},"size":2.868720054626465,"orthographic":false}