{"cameraMode":{"drawMode":0,"name":"Shaded","section":"Shading Mode"},"sceneLighting":false,"audioPlay":false,"sceneViewState":{"showFog":true,"showMaterialUpdate":false,"showSkybox":false,"showFlares":true,"showImageEffects":true,"showParticleSystems":true},"in2DMode":false,"pivot":{"x":1.4901161193847657e-8,"y":3.9700000286102297,"z":-7.670000076293945},"rotation":{"x":-0.32328924536705019,"y":0.07355168461799622,"z":-0.02680676244199276,"w":-0.9432526230812073},"size":0.8083316683769226,"orthographic":false}