{"cameraMode":{"drawMode":0,"name":"Shaded","section":"Shading Mode"},"sceneLighting":true,"audioPlay":false,"sceneViewState":{"showFog":true,"showMaterialUpdate":false,"showSkybox":true,"showFlares":true,"showImageEffects":true,"showParticleSystems":true},"in2DMode":false,"pivot":{"x":-13.981481552124024,"y":-10.490126609802246,"z":-64.75569915771485},"rotation":{"x":0.2797386944293976,"y":0.6756895184516907,"z":-0.31152254343032839,"w":0.6067513227462769},"size":13.21226978302002,"orthographic":false}