{"cameraMode":{"drawMode":0,"name":"Shaded","section":"Shading Mode"},"sceneLighting":true,"audioPlay":false,"sceneViewState":{"showFog":true,"showMaterialUpdate":false,"showSkybox":true,"showFlares":true,"showImageEffects":true,"showParticleSystems":true},"in2DMode":false,"pivot":{"x":5.5556640625,"y":5.17236328125,"z":-28.50390625},"rotation":{"x":0.18449708819389344,"y":-0.06716588139533997,"z":0.012638996355235577,"w":0.9804543852806091},"size":159.67071533203126,"orthographic":true}