{"cameraMode":{"drawMode":0,"name":"Shaded","section":"Shading Mode"},"sceneLighting":true,"audioPlay":false,"sceneViewState":{"showFog":true,"showMaterialUpdate":false,"showSkybox":true,"showFlares":true,"showImageEffects":true,"showParticleSystems":true},"in2DMode":false,"pivot":{"x":9.301307678222657,"y":2.3105359077453615,"z":-41.470115661621097},"rotation":{"x":-0.010949269868433476,"y":-0.9882577657699585,"z":0.12608958780765534,"w":-0.08613701909780503},"size":5.619609355926514,"orthographic":false}