{"cameraMode":{"drawMode":0,"name":"Shaded","section":"Shading Mode"},"sceneLighting":true,"audioPlay":false,"sceneViewState":{"showFog":true,"showMaterialUpdate":false,"showSkybox":true,"showFlares":true,"showImageEffects":true,"showParticleSystems":true},"in2DMode":false,"pivot":{"x":-0.5348110198974609,"y":23.873489379882814,"z":-25.01968002319336},"rotation":{"x":0.24240481853485108,"y":0.7253419756889343,"z":-0.3094498813152313,"w":0.5658643245697022},"size":15.256400108337403,"orthographic":false}