{"cameraMode":{"drawMode":0,"name":"Shaded","section":"Shading Mode"},"sceneLighting":true,"audioPlay":false,"sceneViewState":{"showFog":true,"showMaterialUpdate":false,"showSkybox":true,"showFlares":true,"showImageEffects":true,"showParticleSystems":true},"in2DMode":false,"pivot":{"x":-31.641223907470704,"y":4.872451305389404,"z":-58.3239860534668},"rotation":{"x":-0.2906271815299988,"y":0.47786104679107668,"z":-0.17201904952526093,"w":-0.8112645149230957},"size":8.485697746276856,"orthographic":false}