{"cameraMode":{"drawMode":0,"name":"Shaded","section":"Shading Mode"},"sceneLighting":true,"audioPlay":false,"sceneViewState":{"showFog":true,"showMaterialUpdate":false,"showSkybox":true,"showFlares":true,"showImageEffects":true,"showParticleSystems":true},"in2DMode":false,"pivot":{"x":-35.749755859375,"y":1.895021915435791,"z":13.68785285949707},"rotation":{"x":-0.31077808141708376,"y":-0.25412774085998537,"z":0.08666645735502243,"w":-0.9118141531944275},"size":2.5766749382019045,"orthographic":false}