{"cameraMode":{"drawMode":0,"name":"Shaded","section":"Shading Mode"},"sceneLighting":true,"audioPlay":false,"sceneViewState":{"showFog":true,"showMaterialUpdate":false,"showSkybox":true,"showFlares":true,"showImageEffects":true,"showParticleSystems":true},"in2DMode":false,"pivot":{"x":186.45196533203126,"y":8.867000579833985,"z":-17493.6796875},"rotation":{"x":-0.2592029869556427,"y":-0.6995107531547546,"z":0.30695250630378725,"w":-0.5911245942115784},"size":4201.9951171875,"orthographic":false}