{"cameraMode":{"drawMode":0,"name":"Shaded","section":"Shading Mode"},"sceneLighting":false,"audioPlay":false,"sceneViewState":{"showFog":true,"showMaterialUpdate":false,"showSkybox":false,"showFlares":true,"showImageEffects":true,"showParticleSystems":true},"in2DMode":false,"pivot":{"x":1.4901161193847657e-8,"y":3.9700000286102297,"z":-7.670000076293945},"rotation":{"x":0.03762614354491234,"y":0.9365014433860779,"z":-0.10609719157218933,"w":0.3321187496185303},"size":0.8083316683769226,"orthographic":false}