{"cameraMode":{"drawMode":0,"name":"Shaded","section":"Shading Mode"},"sceneLighting":false,"audioPlay":false,"sceneViewState":{"showFog":true,"showMaterialUpdate":false,"showSkybox":false,"showFlares":true,"showImageEffects":true,"showParticleSystems":true},"in2DMode":false,"pivot":{"x":8.736860275268555,"y":-2.164106845855713,"z":18.907241821289064},"rotation":{"x":-0.07397448271512985,"y":0.18205037713050843,"z":-0.013734748587012291,"w":-0.9804096221923828},"size":22.0,"orthographic":false}