{"cameraMode":{"drawMode":0,"name":"Shaded","section":"Shading Mode"},"sceneLighting":false,"audioPlay":false,"sceneViewState":{"showFog":true,"showMaterialUpdate":false,"showSkybox":false,"showFlares":true,"showImageEffects":true,"showParticleSystems":true},"in2DMode":false,"pivot":{"x":-7.480219841003418,"y":3.28926420211792,"z":-18.014266967773439},"rotation":{"x":-0.14366500079631806,"y":-0.3350703716278076,"z":0.05177563801407814,"w":-0.929736852645874},"size":3.8728280067443849,"orthographic":false}