{"cameraMode":{"drawMode":0,"name":"Shaded","section":"Shading Mode"},"sceneLighting":false,"audioPlay":false,"sceneViewState":{"showFog":true,"showMaterialUpdate":false,"showSkybox":false,"showFlares":true,"showImageEffects":true,"showParticleSystems":true},"in2DMode":false,"pivot":{"x":-6.703675270080566,"y":-0.15982866287231446,"z":-21.75},"rotation":{"x":0.03762614354491234,"y":0.9365014433860779,"z":-0.10609719157218933,"w":0.3321187496185303},"size":19.028139114379884,"orthographic":false}